Pais,ControlCorrupcion
Aruba,1.165722
Afghanistan,-1.40089
Angola,-0.891832299999999
Albania,-0.6594306
United Arab Emirates,1.0614313
Argentina,-0.1344697
Armenia,0.1056079
American Samoa,1.1797991
Antigua and Barbuda,0.2199155
Australia,1.6038237
Austria,1.6059221
Azerbaijan,-0.7598072
Burundi,-1.3529714
Belgium,1.5662608
Benin,-0.0352655
Burkina Faso,-0.2018274
Bangladesh,-1.07605779999999
Bulgaria,-0.258415699999999
Bahrain,-0.0925165999999999
Bahamas,1.2128533
Bosnia and Herzegovina,-0.624659499999999
Belarus,-0.1014181
Belize,-0.0753264999999999
Bermuda,1.1797991
Bolivia,-0.8045643
Brazil,-0.337231599999999
Barbados,1.1695313
Brunei Darussalam,1.183555
Bhutan,1.3421241
Botswana,0.7218389
Canada,1.6422133
Switzerland,2.2868791
Chile,1.2156268
China,0.0531167
Ivory Coast,-0.4863208
Cameroon,-1.057706
Congo,-1.4573026
Colombia,-0.256463899999999
Comoros,-1.32241109999999
Costa Rica,0.756375
Cuba,-0.1430736
Cayman Islands,0.6059907
Czechia,0.6341668
Germany,1.8713077
Djibouti,-0.814078299999999
Denmark,2.2645808
Dominican Republic,-0.706555199999999
Algeria,-0.635634599999999
Ecuador,-0.5183859
Egypt,-0.7914606
Eritrea,-1.3612091
Spain,0.8309019
Estonia,1.5899428
Ethiopia,-0.368558799999999
Finland,2.2354321
Fiji,0.5418111
Fiji,0.5418111
France,1.2939757
France,1.2939757
"Micronesia, Fed. Sts.",0.4040448
Gabon,-0.8043948
United Kingdom,1.7210258
Georgia,0.8203237
Ghana,-0.0922532
Guinea,-0.8663898
Gambia,-0.222816799999999
Equatorial Guinea,-1.51748099999999
Greece,0.2809798
Greenland,1.1145942
Guatemala,-1.0998808
Guam,1.1797991
Guyana,-0.1158874
Hong Kong,1.6888523
Honduras,-0.972603599999999
Croatia,0.1356925
Haiti,-1.44666959999999
Hungary,0.1418393
Indonesia,-0.3456603
India,-0.254487099999999
Ireland,1.5958903
Iran,-1.1044169
Iraq,-1.3692381
Iceland,1.8422993
Israel,0.6932777
Italy,0.5299614
Jamaica,-0.0800814
Jordan,0.1409154
Japan,1.4301233
Kazakhstan,-0.2881195
Kenya,-0.7505394
Kyrgyz Republic,-1.048438
Cambodia,-1.1175106
Kiribati,0.3514103
South Korea,0.7558651
Kuwait,-0.1551226
Lebanon,-1.23052269999999
Liberia,-0.9167423
Libya,-1.5214215
St. Lucia,0.37834
Liechtenstein,2.0208673
Sri Lanka,-0.2760375
Lesotho,-0.009674
Lithuania,0.8813828
Luxembourg,2.2067723
Latvia,0.7605048
Morocco,-0.408551999999999
Monaco,1.1797991
Moldova,-0.7308378
Madagascar,-0.8463989
Maldives,-0.1711344
Mexico,-0.853792
Marshall Islands,-0.0245517
North Macedonia,-0.456976999999999
Mali,-0.7753949
Malta,0.611326
Myanmar,-0.6277817
Montenegro,-0.0359882
Mongolia,-0.6207183
Mozambique,-0.7627176
Mauritania,-0.7915263
Mauritius,0.3426669
Malawi,-0.4785598
Malaysia,0.420523
Namibia,0.3917523
Niger,-0.529990899999999
Nigeria,-1.1178348
Nicaragua,-1.1373893
Netherlands,2.0646075
Norway,2.0836375
Nepal,-0.701156999999999
Naoero,0.449309
New Zealand,2.154305
Oman,0.0239194
Pakistan,-0.9370003
Panama,-0.5190072
Peru,-0.4980887
Philippines,-0.5392618
Palau,0.449309
Papua New Guinea,-0.5484433
Poland,0.7442004
Portugal,0.795911
Paraguay,-0.8101421
Qatar,0.8746817
Romania,-0.0497221
Russia,-0.7746533
Rwanda,0.5134655
Saudi Arabia,0.32153
Sudan,-1.3828975
Senegal,-0.0155587
Singapore,2.1272918
Solomon Islands,-0.0256466
Sierra Leone,-0.4611415
Sierra Leone,-0.4611415
El Salvador,-0.5107438
Serbia,-0.3682278
South Sudan,-1.80683669999999
Sao Tome and Principe,0.0892524
Suriname,-0.3026185
Slovakia,0.4197316
Slovenia,0.7760206
Sweden,2.1337232
Chad,-1.48219979999999
East Asia & Pacific (IDA & IBRD countries),
Togo,-0.644805899999999
Thailand,-0.3820186
Tajikistan,-1.083847
Turkmenistan,-1.3595471
Tonga,-0.2816956
Trinidad and Tobago,-0.1941792
Tunisia,-0.019263
Turkey,-0.3242268
Tuvalu,0.2051999
Tanzania,-0.2540505
Uganda,-0.936142199999999
Ukraine,-0.830952599999999
Uruguay,1.5144744
United States,1.124297
Uzbekistan,-0.835694199999999
Vietnam,-0.3131812
Vanuatu,-0.0267151
Samoa,0.8109135
Kosovo,-0.423589999999999
Yemen,-1.59971739999999
South Africa,0.0256677
Zambia,-0.6050749
Zimbabwe,-1.1729479