Pais,Desempleo
Africa Eastern and Southern,7.53923324035891
Afghanistan,13.351
Angola,14.108
Albania,10.926
United Arab Emirates,2.174
Argentina,7.145
Armenia,12.871
Australia,4.09
Austria,5.582
Azerbaijan,5.457
Burundi,0.922
Belgium,5.906
Benin,1.589
Burkina Faso,3.477
Bangladesh,3.778
Bulgaria,3.536
Bahrain,1.102
Bahamas,9.207
Bosnia and Herzegovina,11.037
Belarus,3.38
Belize,8.856
Bolivia,2.967
Brazil,5.97
Barbados,6.524
Brunei Darussalam,5.277
Bhutan,3.227
Botswana,24.477
Canada,6.907
Switzerland,4.873
Channel Islands,6.169
Chile,8.974
China,4.615
Ivory Coast,2.323
Cameroon,3.602
Congo,4.434
Colombia,8.29
Comoros,3.819
Costa Rica,6.843
Cuba,1.746
Cyprus,4.924
Czechia,2.825
Germany,3.711
Djibouti,26.015
Denmark,5.529
Dominican Republic,5.092
Algeria,11.633
Ecuador,3.308
Egypt,6.781
Eritrea,5.978
Spain,10.376
Estonia,8.313
Ethiopia,3.323
Finland,9.461
Fiji,5.347
France,7.542
Gabon,20.154
United Kingdom,4.746
Georgia,12.097
Ghana,2.979
Guinea,5.163
Gambia,6.521
Guinea-Bissau,2.673
Equatorial Guinea,8.337
Greece,8.54
Guatemala,2.604
Guam,5.569
Guyana,11.962
Hong Kong,2.799
Honduras,4.92
Croatia,5.002
Haiti,14.944
Hungary,4.521
Indonesia,3.237
India,4.219
Ireland,4.632
Iran,8.301
Iraq,15.485
Iceland,3.625
Israel,3.489
Italy,6.391
Jamaica,3.286
Jordan,16.535
Japan,2.451
Kazakhstan,4.771
Kenya,5.449
Kyrgyz Republic,3.526
Cambodia,0.263
South Korea,2.683
Kuwait,2.181
Liberia,2.884
Libya,18.758
St. Lucia,9.452
Sri Lanka,4.005
Lesotho,16.315
Lithuania,6.731
Luxembourg,6.343
Latvia,6.568
Morocco,9
Moldova,1.505
Madagascar,3.041
Maldives,4.514
Mexico,2.673
North Macedonia,12.256
Mali,2.831
Malta,2.896
Myanmar,3.047
Montenegro,13.572
Mongolia,5.233
Mozambique,6.628
Mauritania,10.319
Mauritius,5.635
Malawi,5.072
Malaysia,3.764
Namibia,19.291
New Caledonia,11.174
Niger,0.394
Nigeria,3.064
Nicaragua,5.04
Netherlands,3.874
Norway,4.637
Nepal,10.465
New Zealand,5.076
Oman,3.251
Pakistan,5.42
Panama,8.36
Peru,5.117
Philippines,2.235
Papua New Guinea,2.571
Poland,2.976
Portugal,6.164
Paraguay,4.803
French Polynesia,11.662
Qatar,0.13
Romania,5.992
Russia,2.133
Rwanda,11.363
Saudi Arabia,3.038
Senegal,2.735
Singapore,2.818
Solomon Islands,1.431
Sierra Leone,3.15
El Salvador,3.303
Somalia,18.948
Serbia,7.123
Sao Tome and Principe,9.132
Suriname,7.834
Slovakia,5.359
Slovenia,3.175
Sweden,8.694
Eswatini,34.202
Syrian Arab Republic,13.569
Chad,1.057
Togo,1.995
Thailand,0.781
Tajikistan,6.931
Turkmenistan,4.267
Tonga,2.008
Trinidad and Tobago,3.329
Tunisia,15.108
Turkiye,8.52
Tanzania,1.572
Uganda,2.746
Uruguay,7.516
United States,4.198
Uzbekistan,4.622
Vietnam,1.523
Vanuatu,5.073
Samoa,4.996
Kosovo,
Yemen,17.322
South Africa,32.391
Zambia,5.918
Zimbabwe,9.293