Pais,Esperanza de vida
Afghanistan,66.289
Albania,79.776
Andorra,84.188
United Arab Emirates,83.069
Argentina,77.543
Armenia,78.319512195122
Australia,83.0512195121951
Austria,81.9951219512195
Azerbaijan,74.576
Belgium,82.3
Benin,60.961
Burkina Faso,61.292
Bangladesh,74.93
Bulgaria,75.7609756097561
Bahrain,81.423
Bosnia and Herzegovina,78.044
Belarus,74.3653414634147
Bolivia,68.739
Brazil,76.023
Botswana,69.293
Canada,82.1080487804878
Switzerland,84.4073170731707
Chile,81.359
China,78.017
Ivory Coast,62.11
Cameroon,63.968
Congo,62.074
Colombia,77.913
Comoros,67.023
Costa Rica,80.996
Cyprus,81.821
Czechia,79.9780487804878
Germany,80.7926829268293
Denmark,82.2536585365854
Dominican Republic,73.868
Algeria,76.475
Ecuador,77.579
Egypt,71.806
Spain,83.8878048780488
Estonia,79.2951219512195
Ethiopia,67.603
Finland,82.3365853658537
Francia,82.9804878048781
Gabon,68.511
United Kingdom,81.3868536585366
Georgia,74.657
Ghana,65.695
Gibraltar,83.63
Guinea,60.904
Gambia,66.057
Greece,81.8390243902439
Guatemala,72.746
Guam,77.422
Hong Kong,85.3926829268293
Honduras,73.044
Croatia,78.9292682926829
Hungary,76.7243902439025
Indonesia,71.288
India,72.235
Ireland,83.009756097561
Iran,77.854
Iraq,72.424
Iceland,82.809756097561
Israel,83.1975609756098
Italy,83.9512195121951
Jamaica,71.606
Jordan,77.981
Japan,84.0363414634146
Kazakhstan,74.531
Kenya,63.834
Kyrgyzstan,72.4
Cambodia,70.817
Kiribati,66.6
South Korea,83.6292682926829
Kuwait,84.580487804878
Lebanon,77.945
Liberia,62.324
Libya,71.121
Sri Lanka,77.672
Lesotho,57.798
Lithuania,77.1951219512195
Latvia,76.4292682926829
Morocco,75.493
Moldova,71.332
Madagascar,63.835
Mexico,75.264
North Macedonia,76.6165853658537
Mali,60.675
Malta,82.9560975609756
Myanmar,67.095
Montenegro,77.890243902439
Mongolia,72.3980487804878
Mozambique,63.797
Mauritania,68.713
Malawi,67.561
Namibia,67.516
Niger,61.433
Nigeria,54.635
Nicaragua,75.1
Netherlands,81.9658536585366
Norway,83.1609756097561
Nepal,70.636
New Zealand,82.009756097561
Pakistan,67.799
Panama,79.775
Peru,77.941
Philippines,69.946
Palau,69.383
Poland,78.409756097561
Portugal,82.3829268292683
Paraguay,73.982
Romania,76.4585365853659
Russia,73.4404878048781
Rwanda,68.017
Saudi Arabia,78.982
Sudán,66.521
Senegal,68.924
Singapore,83.3463414634146
Sierra Leone,61.964
El Salvador,72.302
Serbia,75.9682926829268
Slovakia,78.3707317073171
Slovenia,82.2853658536585
Sweden,84.0634146341463
Chad,55.238
Togo,62.935
Thailand,76.564
Tajikistan,71.927
Tunisia,76.711
Turkey,77.421
Tanzania,67.212
Uganda,68.487
Ukraine,74.692
Uruguay,78.287
United States,78.890243902439
Uzbekistan,72.528
Vietnam,74.736
Kosovo,78.222
Yemen,69.439
South Africa,66.312
Zambia,66.528
Zimbabwe,63.064