Entidad,PrevalenciaEnfermos,PrevalenciaPersonasEdad18,PrevalenciaFumadores,PrevalenciaSobrepesoObesidad,PrevalenciaAlcoholExcesivo
Aguascalientes,0.31524,0.63617603,0.215,0.725,0.447
Baja California,0.231026,0.68104149,0.233,0.794,0.439
Baja California Sur,0.385457,0.66639739,0.205,0.818,0.430
Campeche,0.326735,0.65363549,0.176,0.824,0.298
Chiapas,0.223794,0.58070543,0.114,0.712,0.244
Chihuahua,0.302119,0.6589151,0.225,0.728,0.408
Ciudad de México,0.30387,0.74888143,0.214,0.748,0.378
Coahuila,0.307408,0.65052335,0.218,0.789,0.389
Colima,0.387257,0.67762524,0.155,0.746,0.343
Durango,0.300439,0.62891496,0.178,0.778,0.351
Estado de México,0.200604,0.67003172,0.236,0.738,0.377
Guanajuato,0.248394,0.64328579,0.182,0.749,0.326
Guerrero,0.264102,0.61139779,0.134,0.745,0.307
Hidalgo,0.287877,0.65384851,0.153,0.726,0.353
Jalisco,0.231984,0.65605569,0.212,0.737,0.364
Michoacán,0.219993,0.63999738,0.193,0.729,0.304
Morelos,0.313624,0.67732866,0.212,0.735,0.359
Nayarit,0.414981,0.64684942,0.149,0.752,0.409
Nuevo León,0.258823,0.67646387,0.247,0.763,0.370
Oaxaca,0.278629,0.63334566,0.107,0.72,0.255
Puebla,0.233449,0.63641593,0.158,0.721,0.333
Querétaro,0.299118,0.66711464,0.224,0.766,0.306
Quintana Roo,0.325965,0.66309147,0.176,0.806,0.328
San Luis Potosí,0.304358,0.65198857,0.205,0.748,0.340
Sinaloa,0.291072,0.66609546,0.158,0.747,0.347
Sonora,0.270682,0.66643757,0.197,0.777,0.387
Tabasco,0.35527,0.64073515,0.098,0.803,0.302
Tamaulipas,0.438663,0.66773553,0.156,0.802,0.314
Tlaxcala,0.458247,0.63510321,0.187,0.749,0.326
Veracruz ,0.230287,0.67182697,0.132,0.725,0.337
Yucatán,0.270876,0.67623566,0.181,0.805,0.342
Zacatecas,0.570395,0.62896498,0.167,0.724,0.323